No;Kategori;Nama Produk;Merek / Pabrikan;Satuan;Harga (Rp);Bentuk Penjualan;Deskripsi & Indikasi;Target Ternak;Sumber Bukti Toko
1;Pakan Ternak;Pakan Komplit Unggas HP100;PT. New Hope Indonesia;Sak (50 kg);405000;Grosir Karungan;Pakan komplit butiran crumble bernutrisi tinggi pemacu pertumbuhan optimal dan FCR efisien;Ayam Pedaging & Unggas;Jurnal Harian & Banner Toko
2;Pakan Ternak;Pakan Komplit HP100 Eceran;PT. New Hope Indonesia;Kg;9000;Eceran Kiloan;Pakan butiran berkualitas tinggi New Hope yang dapat dibeli kiloan sesuai kebutuhan harian;Ayam & Unggas Rumahan;Toko Depan & Jurnal Harian
3;Pakan Ternak;Pakan Layer Petelur HL83;PT. New Hope Indonesia;Sak (50 kg);390000;Grosir Karungan;Pakan komplit ayam petelur dengan kalsium dan asam amino seimbang untuk produksi telur maksimal;Ayam Petelur (Layer);Jurnal Harian & Banner Toko
4;Pakan Ternak;Pakan Unggas HB200;PT. New Hope Indonesia;Sak (50 kg);380000;Grosir Karungan;Pakan unggas butiran berkualitas tinggi standar New Hope Cirebon;Ayam & Unggas;Jurnal Harian
5;Pakan Ternak;Pakan Unggas HL166;PT. New Hope Indonesia;Sak (50 kg);365000;Grosir Karungan;Pakan komplit fase pemeliharaan untuk menjaga bobot dan kesehatan unggas;Ayam & Bebek;Jurnal Harian
6;Pakan Ternak;Pakan Puyuh Sinindo KSK-36S;PT. New Hope Indonesia / Sinindo;Sak (50 kg);305000;Grosir Karungan;Pakan puyuh petelur spesialis nutrisi mikro untuk kestabilan produksi telur puyuh harian;Burung Puyuh Petelur;Banner Toko & Karung
7;Pakan Ternak;Pakan Puyuh Starter T78-1;New Hope / Sinindo;Sak (50 kg);295000;Grosir Karungan;Pakan butiran halus untuk anak burung puyuh fase starter (0-3 minggu);Anak Puyuh (DOQ);Jurnal Harian
8;Pakan Ternak;Pakan Puyuh Grower T78-2;New Hope / Sinindo;Sak (50 kg);300000;Grosir Karungan;Pakan fase pembesaran puyuh memperkuat tulang dan kesiapan bertelur;Burung Puyuh Dara;Jurnal Harian
9;Pakan Ternak;Pakan Puyuh Layer T78-3;New Hope / Sinindo;Sak (50 kg);295000;Grosir Karungan;Pakan puyuh fase bertelur konsisten dengan kuning telur padat berkualitas;Puyuh Petelur;Jurnal Harian
10;Pakan Ternak;Pakan Komplit Puyuh/Unggas BF-99;Mitra Banong Farms;Sak (50 kg);355000;Grosir Karungan;Pakan alternatif berkualitas dengan formulasi protein tinggi terjangkau;Puyuh & Unggas;Jurnal Harian
11;Pakan Ternak;Konsentrat & Pakan Bebek Malindo;PT. Malindo Feedmill;Sak (50 kg);410000;Grosir Karungan;Pakan bebek komplit formulasi khusus unggas air untuk telur berkualitas dan daging padat;Bebek Petelur & Pedaging;Jurnal Harian & Karung
12;Pakan Ternak;Pakan Ternak Babi Malindo;PT. Malindo Feedmill;Sak (50 kg);420000;Grosir Karungan;Pakan komplit penggemukan ternak babi bernutrisi tinggi dan cepat cerna;Ternak Babi;Jurnal Harian
13;Pakan Ternak;Pur Pedaging Broiler Starter;Pabrikan Terpilih;Karung (10 kg);100000;Karung Kecil;Pur crumble ayam pedaging masa awal mempercepat kenaikan bobot karkas;Ayam Broiler / Joper;Jurnal Harian
14;Pakan Ternak;Pur Pakan Ayam Eceran;CV Banong Farms;Kg;10000;Eceran Kiloan;Pur pakan ayam ditimbang pas dan jujur melayani pembelian eceran mulai 1 kg;Ayam Kampung & Rumahan;Toko Depan & Jurnal
15;Pakan Ternak;Konsentrat Unggas Eceran;Malindo / New Hope;Kg;20000;Eceran Kiloan;Konsentrat murni protein tinggi untuk campuran dedak padi dan jagung giling;Unggas & Bebek;Jurnal Harian
16;Pakan Ternak;Pakan Kelinci Rabbit Grower;Pabrikan Pakan;Karung (20 kg);180000;Grosir Karungan;Pakan pelet kelinci kaya serat kasar dan vitamin menjaga saluran cerna dan bulu lebat;Kelinci Pedaging & Hias;Toko Depan Foto
17;Pakan Ternak;Pakan Ayam Aduan & Buras Starter;Pabrikan Terpilih;Pack / Ecer;25000;Kemasan Pack;Pakan butiran khusus ayam bangkok/aduan untuk stamina dan kekuatan otot;Ayam Jago / Bangkok;Banner & Toko Depan
18;Pakan Ikan;HI-PRO-VITE 781-2 Pakan Lele;PT Central Panganpertiwi (CP Prima);Sak (30 kg);360000;Grosir Karungan;Pakan apung lele masa awal produksi protein 31-33%, aroma disukai ikan, FCR efisien;Ikan Lele, Nila & Patin;Karung 1 & Jurnal Harian
19;Pakan Ikan;HI-PRO-VITE 781-2 Eceran Kiloan;CP Prima;Kg;14000;Eceran Kiloan;Pelet lele apung kiloan pas untuk kolam terpal pekarangan atau kolam bioflok;Ikan Lele & Gurame;Karung 1 Foto
20;Pakan Ikan;Prima Feed PF-800 / PF-1000;PT Matahari Sakti;Pack (1 kg);25000;Kemasan Pack;Pelet apung micro butiran halus untuk pakan benih ikan air tawar;Benih Lele, Nila, Gurame;Banner & Rak Ikan
21;Pakan Ikan;Takari Pakan Ikan Koi & Koki;CP Petindo;Bungkus (500g);12000;Kemasan Bungkus;Pelet pakan ikan hias apung tidak mengeruhkan air diperkaya pigmen warna alami;Ikan Koi, Koki & Ikan Hias;Rak Pakan Ikan Foto
22;Pakan Ikan;Probiotik EM4 Perikanan & Tambak;PT Songgolangit Persada;Botol (1 Liter);30000;Kemasan Botol;Bakteri fermentasi pengurai sisa pakan, penekan bau amonia, dan perbaikan kualitas air;Kolam Ikan Air Tawar;Rak Pakan Ikan Foto
23;Pakan Ikan;Pelet Ikan Eceran Pack 500g;Pabrikan Terpilih;Bungkus (500g);10000;Kemasan Bungkus;Pelet pakan ikan apung harian ekonomis dan bergizi untuk kolam keluarga;Ikan Nila, Lele, Mas;Rak Pakan Ikan Foto
24;Pet Food;Pakan Kucing Bolt Tuna (Ungu);CP Petindo;Pack (1 kg);19000;Kemasan Pack;Pakan kering kucing rasa tuna bentuk donat menjaga kesehatan gigi dan bulu;Kucing Dewasa;Rak Pakan Kucing Foto
25;Pet Food;Pakan Kucing Bolt Salmon (Kuning);CP Petindo;Pack (1 kg);19000;Kemasan Pack;Pakan kering kucing rasa salmon aroma tajam sangat disukai kucing pemilih;Kucing Dewasa;Rak Pakan Kucing Foto
26;Pet Food;Pakan Kucing Bolt Tuna Karung Sak;CP Petindo;Sak (20 kg);360000;Grosir Karungan;Pakan kucing kemasan karung hemat untuk pemilik banyak kucing atau reseller;Kucing;Rak Pakan Kucing Foto
27;Pet Food;CAT CHOIZE Adult Salmon / Tuna;Perfect Companion;Pack (800g);22000;Kemasan Pack;Makanan kucing dewasa dengan nutrisi seimbang tanpa pewarna kimia berbahaya;Kucing Dewasa;Rak Pakan Kucing Foto
28;Pet Food;CAT CHOIZE Kitten & Mother;Perfect Companion;Pack (800g);22000;Kemasan Pack;Formula khusus kaya protein dan DHA untuk induk menyusui dan anak kucing;Kitten & Induk Kucing;Rak Pakan Kucing Foto
29;Pet Food;CAT CHOIZE Karung 20kg;Perfect Companion;Sak (20 kg);410000;Grosir Karungan;Kemasan sak ekonomis untuk peternak dan cattery kucing;Kucing;Karung 2 Foto
30;Pet Food;Felibite Cat Food Salmon/Tuna;PT Matahari Sakti;Pack (500g);14000;Kemasan Pack;Makanan kucing diperkaya ekstrak Yucca Schidigera untuk mengurangi bau kotoran;Kucing;Rak Pakan Kucing Foto
31;Pet Food;Whiskas Pouch & Me-O Treats;Whiskas / Me-O;Sachet;7000;Sachet Satuan;Makanan basah pouch lezat dan cemilan creamy penambah nafsu makan kucing;Kucing;Rak Pakan Kucing Foto
32;Pet Food;Makanan Kucing Kaleng Wet Food;Pabrikan Pet Food;Kaleng (400g);20000;Kaleng Satuan;Daging basah kaleng bernutrisi tinggi untuk kucing sakit atau masa pemulihan;Kucing;Rak Pakan Kucing Foto
33;Pet Food;Dog Choize Adult Lamb;Perfect Companion;Pack (800g);22000;Kemasan Pack;Makanan anjing rasa domba untuk pembentukan massa otot dan kepadatan tulang;Anjing;Rak Pakan Kucing Foto
34;Pakan Burung;Pakan Burung Leopard Rumput Laut;Leopard;Bungkus (200g);7500;Kemasan Bungkus;Voer burung berkicau anti stres kaya rumput laut spirulina dan vitamin lengkap;Murai, Kacer, Cucak Ijo;Rak Pakan Burung Foto
35;Pakan Burung;Phoenix Perkutut Gold;Phoenix;Bungkus (400g);11000;Kemasan Bungkus;Campuran biji milet, ketan hitam, dan jamu herbal untuk perkutut rajin bunyi;Burung Perkutut;Rak Pakan Burung Foto
36;Pakan Burung;Topsong Plus 3 in 1;Topsong;Bungkus (400g);10000;Kemasan Bungkus;Voer kuning 3 in 1 kombinasi madu, telur, dan ekstra serangga untuk burung ocehan;Burung Berkicau;Rak Pakan Burung Foto
37;Pakan Burung;NutriBird Uni Komplet;Versele-Laga;Bungkus (50g);7000;Kemasan Bungkus;Pelet all-in-one nutrisi seimbang untuk burung pemakan buah dan serangga;Burung Kicau;Rak Pakan Burung Foto
38;Pakan Burung;Pakan Burung Seaweed & Crumble Merah;Pabrikan Burung;Bungkus (250g);7000;Kemasan Bungkus;Voer crumble merah dan rumput laut untuk variasi menu burung lomba;Burung Kicau;Rak Pakan Burung Foto
39;Bibit Ternak;DOQ (Day Old Quail / Bibit Burung Puyuh);Penangkaran Banong Farms;Ekor;3500;Satuan Ekor;Bibit burung puyuh umur 1 hari dari indukan terseleksi, lincah, tingkat hidup tinggi (Keahlian sejak 2015);Peternak Puyuh;Banner & Profil 2015
40;Bibit Ternak;DOC Ayam Pedaging (Broiler);Hatchery Terverifikasi;Box (100 ekor);650000;Per Box (100 ekor);Anak ayam pedaging strain unggul bebas penyakit pertumbuhan cepat dan bobot seragam;Peternak Ayam Pedaging;Banner & Toko
41;Bibit Ternak;DOC Ayam Petelur (Layer);Hatchery Terverifikasi;Box (100 ekor);1200000;Per Box (100 ekor);Bibit anak ayam petelur betina pilihan untuk investasi produksi telur jangka panjang;Peternak Ayam Petelur;Banner & Toko
42;Bibit Ternak;DOC Ayam Kampung Super (Joper);Hatchery Terverifikasi;Box (100 ekor);750000;Per Box (100 ekor);Bibit ayam kampung super silangan unggul panen cepat 60 hari dengan daging padat gurih;Peternak Ayam Kampung;Banner & Toko
43;Bibit Ternak;DOD Bebek / Itik Petelur & Pedaging;Hatchery Terverifikasi;Box (100 ekor);850000;Per Box (100 ekor);Anak bebek/itik pilihan sehat dan aktif, daya adaptasi tinggi terhadap pakan dan cuaca;Peternak Bebek;Banner & Toko
44;Obat & Vaksin;Vaksin Medivac ND Clone (Tetelo);Medion;Vial;27000;Satuan Vial;Vaksin aktif pencegah wabah tetelo (Newcastle Disease) pada ayam dan unggas;Ayam, Puyuh & Bebek;Etalase Obat Foto
45;Obat & Vaksin;Vaksin Medivac Gumboro A;Medion;Vial;37000;Satuan Vial;Vaksin aktif untuk kekebalan awal terhadap penyakit Infectious Bursal Disease (Gumboro);Ayam & Unggas;Etalase Obat Foto
46;Obat & Vaksin;Vaksin Medivac Gumboro B;Medion;Vial;35000;Satuan Vial;Vaksin aktif revaksinasi Gumboro menjaga antibodi unggas tetap tinggi;Ayam & Unggas;Etalase Obat Foto
47;Obat & Vaksin;Vaksin Medivac ND La Sota;Medion;Vial;27000;Satuan Vial;Vaksin ND strain La Sota untuk proteksi lanjutan saluran pernafasan unggas;Ayam & Unggas;Etalase Obat Foto
48;Obat & Vaksin;Vaksin Medivac ND-IB;Medion;Vial;28000;Satuan Vial;Vaksin kombinasi pencegah ganda penyakit ND (tetelo) dan Bronkitis menular;Ayam & Unggas;Etalase Obat Foto
49;Obat & Vaksin;Vita Stress Multivitamin 100g;Medion;Bungkus (100g);17000;Kemasan Bungkus;Multivitamin lengkap elektrolit mengatasi stres cuaca terik, vaksinasi, dan potong paruh;Ayam, Bebek, Puyuh;Etalase Obat Foto
50;Obat & Vaksin;Vita Stress Multivitamin 250g;Medion;Bungkus (250g);37000;Kemasan Bungkus;Multivitamin anti-stres unggas kemasan sedang ekonomis;Unggas Petelur & Pedaging;Etalase Obat Foto
51;Obat & Vaksin;Vita Stress Multivitamin 1 Kg;Medion;Box / Toples (1 kg);135000;Kemasan 1 Kg;Kemasan besar toples untuk peternak populasi sedang hingga besar;Unggas Komersial;Etalase Obat Foto
52;Obat & Vaksin;Vita Chicks Vitamin DOC 500g;Medion;Kemasan (500g);45000;Kemasan Box;Vitamin esensial pencegah defisiensi nutrisi anak ayam pada masa kritis brooding;DOC & Anak Unggas;Etalase Obat Foto
53;Obat & Vaksin;Neobro Pemacu Bobot 100g;Medion;Bungkus (100g);17000;Kemasan Bungkus;Vitamin asam amino pemacu pertumbuhan bobot badan ayam pedaging agar cepat panen;Ayam Broiler & Joper;Etalase Obat Foto
54;Obat & Vaksin;Neobro Pemacu Bobot 250g;Medion;Bungkus (250g);37000;Kemasan Bungkus;Pemacu pertumbuhan daging ayam kemasan 250g;Ayam Pedaging;Etalase Obat Foto
55;Obat & Vaksin;Egg Stimulant 250g;Medion;Bungkus (250g);95000;Kemasan Bungkus;Vitamin pemacu produksi telur harian, mencegah penurunan produksi, dan menebalkan cangkang;Puyuh & Ayam Petelur;Etalase Obat Foto
56;Obat & Vaksin;Turbo 5gr Multivitamin;Medion;Bungkus (5g);24000;Kemasan Sachet;Vitamin dan trace mineral pemacu nafsu makan dan daya tahan unggas;Ayam & Bebek;Jurnal Harian & Etalase
57;Obat & Vaksin;Tetra-Chlor Kapsul Unggas;Medion;Kotak;30000;Kemasan Kotak;Kapsul antibiotik efektif mengatasi korisa (snot/muka bengkak), kolera, dan berak kapur;Ayam & Unggas;Etalase Obat Foto & Jurnal
58;Obat & Vaksin;Trimezyn-S Serbuk / Kaplet;Medion;Kotak / Sachet;15000;Kemasan Kotak;Antibiotik kombinasi ampuh mengobati infeksi CRD (ngorok batuk) dan radang usus;Unggas & Ayam;Etalase Obat Foto
59;Obat & Vaksin;Coxy 5gr Obat Berak Darah;Medion;Bungkus;85000;Kemasan Bungkus;Obat koksidiosis menghentikan pendarahan saluran cerna unggas secara cepat;Ayam & Puyuh;Jurnal Harian & Etalase
60;Obat & Vaksin;Therapy Serbuk Larut 100g;Medion;Bungkus (100g);45000;Kemasan Bungkus;Antibiotik spektrum luas mengatasi komplikasi penyakit pernafasan dan pencernaan;Ayam & Unggas;Etalase Obat Foto
61;Obat & Vaksin;Therapy Serbuk Larut 250g;Medion;Bungkus (250g);85000;Kemasan Bungkus;Antibiotik kemasan sedang untuk populasi kandang ratusan ekor;Ayam & Unggas;Etalase Obat Foto
62;Obat & Vaksin;Wormzol / Vermixin Obat Cacing;Medion;Sachet;25000;Kemasan Sachet;Antelmintik pembasmi segala jenis cacing giling dan pita pada unggas dan ternak;Ayam, Bebek, Sapi, Kambing;Jurnal Harian & Etalase
63;Obat & Vaksin;Anticep Medion 120ml;Medion;Botol (120 ml);65000;Kemasan Botol;Disinfektan antiseptik sanitasi air minum unggas, cuci tempat pakan, dan semprot kandang;Sanitasi Kandang & Air Minum;Etalase Obat Foto
64;Obat & Vaksin;Super Rontox Pembasmi Kutu;SN Herbal;Bungkus;15000;Kemasan Bungkus;Serbuk herbal tabur/mandikan untuk membasmi kutu, caplak, dan gurem pada bulu unggas;Ayam Aduan, Burung, Unggas;Rak Obat Gantung
65;Obat & Vaksin;Fly-Tox Pembasmi Lalat Kandang;Medion;Bungkus;15000;Kemasan Bungkus;Butiran umpan pemikat lalat kandang, membunuh lalat dalam hitungan detik menjaga biosekuriti;Kandang Peternakan;Catatan Etalase
66;Obat & Vaksin;Jamu Ayam Jago Mbah Joyo;Herbal Mbah Joyo;Renteng;25000;Kemasan Renteng;Ekstrak herbal pasak bumi, ginseng merah, madu dan rempah stamina ayam jago aduan;Ayam Jago / Laga;Rak Obat Gantung
67;Obat & Vaksin;Dragon SN Doping & Vitamin Ayam;SN Herbal;Renteng;35000;Kemasan Renteng;Formula herbal khusus ayam aduan meningkatkan agresivitas, nafas panjang, dan daya pukul;Ayam Aduan;Rak Obat Gantung
68;Obat & Vaksin;Magic SN Green (Pencernaan);SN Herbal;Renteng;25000;Kemasan Renteng;Herbal mengobati berak hijau, berak kapur, dan tembolok macet pada unggas;Ayam & Unggas;Rak Obat Gantung
69;Obat & Vaksin;Magic SN Blue (Pernafasan);SN Herbal;Renteng;25000;Kemasan Renteng;Herbal mengobati snot, mata berbusa, muka bengkak, dan suara ngorok pada unggas;Ayam & Unggas;Rak Obat Gantung
70;Alat Ternak;Kurungan Bambu / Kayu Ayam Jago;Pengrajin Lokal;Unit;120000;Satuan Unit;Kurungan ayam jago aduan dari bilah bambu dan kayu kokoh, ventilasi maksimal dan aman;Ayam Jago & Unggas;Sangkar Burung Foto
71;Alat Ternak;Sangkar Burung Dara / Kicau;Pengrajin Lokal;Unit;85000;Satuan Unit;Sangkar jeruji kayu halus untuk burung dara pos, merpati hias, dan burung ocehan;Burung Dara & Kicau;Sangkar Burung Foto
72;Alat Ternak;Tempat Pakan Gantung Unggas (Super Feeder);Medion / Pabrikan;Unit;35000;Satuan Unit;Feeder pakan gantung kapasitas 5-7 kg bahan plastik lentur tahan banting anti tumpah;Ayam, Bebek, Puyuh;Toko Depan Foto
73;Alat Ternak;Tempat Minum Unggas Otomatis / Galon;Medion / Pabrikan;Unit;28000;Satuan Unit;Galon minum unggas kapasitas 2-3 galon menjaga air tetap higienis dan tidak mudah tumpah;Unggas & Ayam;Toko Depan Foto
74;Alat Ternak;Ember Takaran Pakan Plastik Cor;Toko Banong;Unit;15000;Satuan Unit;Ember takar pakan tebal dan awet untuk memudahkan pembagian pakan di kandang;Kandang Peternakan;Toko Depan Foto
